pg_dump: warning: there are circular foreign-key constraints on this table:
pg_dump: detail: posts
pg_dump: hint: You might not be able to restore the dump without using --disable-triggers or temporarily dropping the constraints.
pg_dump: hint: Consider using a full dump instead of a --data-only dump to avoid this problem.
pg_dump: warning: there are circular foreign-key constraints on this table:
pg_dump: detail: comments
pg_dump: hint: You might not be able to restore the dump without using --disable-triggers or temporarily dropping the constraints.
pg_dump: hint: Consider using a full dump instead of a --data-only dump to avoid this problem.
--
-- PostgreSQL database dump
--

\restrict UFvZ5cZbg8Gc3n3Nx3WmwlYTE67toXTtgx8IpNyGxYasGLlEbzyk57KpMlSrpcJ

-- Dumped from database version 17.6
-- Dumped by pg_dump version 18.1

SET statement_timeout = 0;
SET lock_timeout = 0;
SET idle_in_transaction_session_timeout = 0;
SET transaction_timeout = 0;
SET client_encoding = 'UTF8';
SET standard_conforming_strings = on;
SELECT pg_catalog.set_config('search_path', '', false);
SET check_function_bodies = false;
SET xmloption = content;
SET client_min_messages = warning;
SET row_security = off;

--
-- Data for Name: media; Type: TABLE DATA; Schema: public; Owner: postgres
--

COPY public.media (id, alt, type, owner_id, blurhash, nsfw_score, created_at, updated_at, url, thumbnail_u_r_l, filename, mime_type, filesize, width, height, focal_x, focal_y, sizes_thumbnail_url, sizes_thumbnail_width, sizes_thumbnail_height, sizes_thumbnail_mime_type, sizes_thumbnail_filesize, sizes_thumbnail_filename, sizes_card_url, sizes_card_width, sizes_card_height, sizes_card_mime_type, sizes_card_filesize, sizes_card_filename, sizes_tablet_url, sizes_tablet_width, sizes_tablet_height, sizes_tablet_mime_type, sizes_tablet_filesize, sizes_tablet_filename) FROM stdin;
\.


--
-- Data for Name: users; Type: TABLE DATA; Schema: public; Owner: postgres
--

COPY public.users (id, username, first_name, last_name, user_type, role, avatar_id, bio, pronouns, location, verified, banned_at, last_active_at, followers_count, following_count, posts_count, updated_at, created_at, enable_a_p_i_key, api_key, api_key_index, email, reset_password_token, reset_password_expiration, salt, hash, login_attempts, lock_until, is_private, auth_id) FROM stdin;
2	newuser999	\N	\N	Regular	Basic	\N	\N	\N	\N	f	\N	\N	0	0	0	2026-01-20 21:34:38.052+00	2026-01-20 21:34:38.052+00	\N	\N	\N	newuser999@test.com	\N	\N	f1383a1f4ccfb0ec1cbed70e834d6d16ca19f437f303ea7e013675f7156282fa	af8c8ecd645f4cc06b3251193ccf6cbaca331ab6e4af63574b9b4a2301543ed824ccca34959a07f728256f102f89709f41edebc663a6e544d700e2388699935d92dbb602fb5a13432d4e5c22a4eaaff63a6fd29d96694045165155f9a2efad29967ad1fb22d0180f61a3e25d6ce2cac91c16165a1c3f46153a9b25a3eaf74e022a14f5d54f490dcbf1ae8c263e537cc39ac2ae34519e852490bf143bb5a0c9fe9ec221aa7046fe54dda424f0872071def1bbe7366d45e08f078cc92263cc4b06184c5ea1cc6082cf37dc688065fb7cba0fe46b43abb3f0564cd37f817c2d3388d53750979d5f6258f77e63e33601d012373adebbac87e2f0371d6f0e7981e2b0ef39c784655d51bedf3d3e66f5a409c58b93339f90318cebd4ff6b4750fedce6db27a05e6a578704f35dc37c641571a2919350dfd0bad53fd0f02aef727de67b653f35887f8a31ab2e154e61dfa888d14ad0c5914d9a9b719686e6470f67a6587c30fe1d9b2d69b825a71cfa9e084501c395eaa741dba3342e724549a2dd93d3197a9d5da3c9c40dba21ce85f0da029534e8d6a90b0673c02dd027b9925e191edda1b535a3ff9b32e96002c737260df0f5030b30fda8894984522279c357b036129c61b8943257a72c288882697cd1a4601130186d3583e2afca139e7cebbf74565a62cb0949c94543807f0d13d73d692b15478a0d315e8890c0ad1db5c7d82f	0	\N	f	\N
11	mikevocalz	Mike	\N	Regular	Basic	\N	Mike	\N		f	\N	\N	0	0	0	2026-02-01 21:24:23.525+00	2026-01-26 14:56:43.357+00	\N	\N	\N	mikefacesny@gmail.com	\N	\N	41628fe7693eb09249656a2f1a26f38cf4bb4bee348ab33cfe833692606cfa51	dd0a19a1cf7735161f9ec99ec4ce9f7efa7660c684447eb9ade959574c295caa1e12975613d4e67ea4e622f3b807c0d5329149f747f926688bfdac2cc37b1a589078e77b36e7f3ff5a74fcf35b8bd9e237cfb10bec4ea532b5ebe420ac659c28c9fb1893d1f76f91289f4865d41809d95490d2169292953c95feac950ad25e1cda9bbfe5a6bcda3b1732a3bc6b2cd01d6c186d8afb9b047f5636d5c4bbefb7ef72a9213ec5fabc981cbd22c14c26d4539a51a0afe08a632682fb7e67dc5d53a18f7d7931e0e449e49bdd484a1c86add78912edadb3c8da858dc574d07429a478eabb4c73cba8d8b9c85f33c546b035e7a4312d5fb9a177f9f6736fc44a14de506b686ef4c8e0eef89bea3fa37ce04977ab613b4843050246ea89c7d17bcacf63e3cf5e0699dcc944167cef1e100691f6100f2941337a347c9cd1f27039c43628106d0a9ac4fa169b828d9551501ff33cf134946978209f57b1f947a2806f8e849801613530423d2142f2584bafb74ca58659bbb0a488276098440b0feaef41756f9eaeccb5950196add10dc728694698191f1973fd5e7e3013ec9a05833c654e3b1a2846faa5446f121d7174dfa40e6af434012927c8e1cc442999072f2bc82908ab16997ec85f6ad6e0b66aadb26fe58bbb967a6b04918c6e074315b102308c9a0379c4cba7234199e50d5a8ef5f3b864897faab0e65687716507da95cb27cd	0	\N	f	\N
3	workinguser	\N	\N	Regular	Basic	\N	\N	\N	\N	f	\N	\N	0	0	0	2026-01-20 21:39:34.84+00	2026-01-20 21:39:34.84+00	\N	\N	\N	workinguser@test.com	\N	\N	56e7d072ef08078074190436a63feb2f53ec57db3cd7afccb54fc857130e4926	a8f8d2c5feb59f24b58e59671863181efd48a5bc44d2c264797b774556ddcd87290339b6bdcbfbb915e225327ae24c37961d98cb98ff36495043597549f4599d9537c2dad64e7b47394da0c33f3f60cef973b73f385a41526e2536553648a79e13c96c9e2042ae351a485f2b6b905b223d644b863384ccb058a6502a6eb0365337a96e21911270037e6ab6631c39a267584e2c9af3cc6b9db63c17ded61ae1d65c2cd4ef44ba0e91934662823ab2abf132ef0ae937ace84baa507f47954323ffdbaa5cc1d993a921d891c462a00eeea0f7103701105576bce0ec2f5b02437a268193197192dd9740d3e5d59e39b883ed19618c53acbf127e666f797eecf8f5643fbfb2045998bd54cf9ab0751a25d57288734b6bccce6c1ead723d482d310de2b887f68cb1e267668ca7abcc350c779f0bb8a8deaaa2ffd585e4174972b4ace22b99effae85f95f289a493f99324bd02717b8769d30818e2c852b6bd0fa262ded3a81fd87245a7c77fdb4e9607c5d2e0eb01071392c7bdb6af8d4ce7dc8cabac877827424d8dd66378a6cb6648718d7de27b0c691df8fcfd676fec25947d0f0d9531a11bfe2a4e9c7a27831401ba09680a14ffd25fea8b2cda191e9304e4e76d213e9e84a8f62eafa1a11354ebc501498616af3f8cd49c8eec64b048b023e5580faba4fe280a984c5c6aac03761d1ca2976b64fec2fc91102b69e1cea9b36f95	0	\N	f	\N
4	jayadamzhbx	\N	\N	Regular	Basic	\N	\N	\N	\N	f	\N	\N	0	0	0	2026-01-20 21:47:14.535+00	2026-01-20 21:47:14.535+00	\N	\N	\N	mikevocalz@aol.con	\N	\N	66677b17369eacab0b3f0daef1a63b47d6cdd216156b9262b437b945bb7f1c60	add4d7cab4826d585ed87001dcfdcdd80fbada1ae79c6268953169ef93d9362a845e144b5aa198ccf707ed8b1ed3c86cc33d39d8118455b6136c2fc74540efc51766512c024f23d7b65627a40aabfe881bdb942c26bb5e749a949836970482dd342f705817801bcbb2abf3cc7a1e5cb83fa959fc70248990824f96e75b2bc9717af88f247a16ccd92f956867f090d6aa8d3b97c8ffdfea0b5c03a3e593911997e1cd115eff72ae22eb61e88fc3fdfee0a6525a68947ebee80c7a43ddd6e4087aee35b0be93df77aaddbdb371f20d3cf48da88bddacb0672c5605ecac795367d1a89f4de8ae5fdf77290d663cb1fde4fca115554b64ba8a4a581e68e429b0015faf38555574764d4e59bcf23afd8620301abf36d6e0ef2a45b89b90503d189f09ae2dd2451dfdbea1c2e021e7132e66d4c1a77b6337315c8e46196d7127e45695e1567f4207828f5484fa9f46a77c6b4134fd81dff194c44424c0c2564fdf25a4d6b5138889ea4c3dfed0af28932749dcce30e79312311741912b50114a8ac0ddcfb26509c9e276f729bcb66ef7e04aac2e7a47defb74b8da7f61adf11286d81603b1c2e688ca027a99016bff4898762636d0a8b0323fd9467f8b23e6fcbd94ec3ad6b061f181c3706a8513cfd026642771d514a253c6df7d1779537c815110368aeeb0edeeb6d796ab9f52f3c428e9ece51009a0ce48eb0d94694f7f54923e08	0	\N	f	\N
6	mikejnnabs	\N	\N	Regular	Basic	\N	\N	\N	\N	f	\N	\N	0	0	0	2026-01-24 02:11:37.006+00	2026-01-24 02:11:37.006+00	\N	\N	\N	mikewallen@pm.me	\N	\N	064839f868d58011988860a23e69591b030390f3bf52f91ccc1948d375d559dc	046e78fc7f9dfcb0afe98f93439ddc2e6143b5aeedca25ec37df20e61bb7a37b16b861111a39623bfdcc773d897ae46cd0b94f9b520a6bd20f44dc127aecb6812490b1e1ccc09c8002997f181258b79b75ded0e5f4000c9e8036eb9933452c523381e88eac6d69f7ac022338934ad00deb3fb22f5c17dd8d74b2ea1119326b292b8c144a9fae75875fbc0e6f1a7aa147f370dd46e9961a8b1e899c1f997f9bde7b00a8ecd0d106cfad5c0a52f82b96880ce3091f799ac47df0973d67b046f8c22b2eff9397588ee92e94064a8e1c583a539508b5c1667471b6f1e48b3449e736c21cbb7cfdeb8b1f77962a8d6ff86fe442768995f7f99507d3bf27fe7532445326db19a8c22004ddfa4a39e68f8ee46bdb3164e44b77ba8f2d83004dfd48340e9e879d00706c1de80936e75a6f25441ed0e31eef367d9cdee0ae6be919858b107feca3260725f25b808ca869bff208406234a17daf9f7031ad1423bf1c29aa9afa5404f06c0260054a703e1ad55c0010bde110eb46a9aff4c8fa77c546e32dd27136f163a4cedbaa54139194fb239546b36b5f8e2e07ba8f30dc5159ffc6cff6a5a7ffe0181c5bea563dba8250f6b9f4ed544523edb289abdd0621fa0cb67dbcc23b15d926c312317851545c0d8f71ef67a900b79c065f1dd2da7dc3bde1b35e5fbb4e5837aa75d73e57fad41d45093604dbe504ca200249214b8789c4a88f57	0	\N	f	60f9957e-b8ca-4dac-8f67-6266cc3334b2
7	testuser123	\N	\N	Regular	Basic	\N	\N	\N	\N	f	\N	\N	0	0	0	2026-01-25 18:04:41.279+00	2026-01-25 18:04:41.279+00	\N	\N	\N	testuser123@test.com	\N	\N	548e76134580fb4aec0b94e1e316ca42758eb26f29ecb1ec1e044bb11fe82478	4be90013589a4baf7c26dd686bc0c82c103fa6719e40218a2755b281bf2bdb5fddde6b4908116bf010b97325e8c0ff9a40aadbc49efd053d5282ff8d7b8758038aa27e9a47dfcad56938e0894d48498ffc7f23ae95e6086fd6ef0c48158c5c0829811178d18d7912f354b756ff77e74d47cf06cb9a946791bb8f70bd2db83f01a1d36a65389440cff041e8b721f838ef0e04e925f88af05ba92c31acf85513a9001481edf514d025d59e411e6920daf4a0d0a6d7cb01b9bbc7c370b9fd38cbd86e3f69b3d9c3c476cb742c0fd2a2ae1ab0d23414b3641c73429c0b9299fcd86daea544965b1a0a8515d464d73b0bb5217ef54b952303b80971fe55c5e2e606be5a4956217360c40e5154a48688e4e8acbbad071572d887402ddcace7f7aa1753cd56035e19952b89e518176af7c7bb6912798d77e1ffade5068380933123c225fdaaf3491481886c3d2341c40538a57862669933bddeb49ab5195c7a372590a4a252bf95ad6fa5aeb20778d0069dd8b95c2c6c91c63a7a9604e8731023b69dcb353f2e082cbac68b4c7a443f5b870a8d053c495dbb3ee289fc2601f78e67aa9c8d1c63c36edc66f6d1ea040ee07abbed92b8931c32818b75c28e713f70205c35f5ba164d21efb3c9d98255f4843ff0c2b05fbcc1e21baa6ba63b6334a24a70d20dba7c961059ceaa55945cbb84501c1a745d843558e503e5d29cc1559d3be903	0	\N	f	\N
1	testuser3	\N	\N	Regular	Admin	\N	\N	\N	\N	f	\N	\N	0	0	0	2026-01-20 21:39:34.523+00	2026-01-20 20:58:26.528+00	\N	\N	\N	testpayload3@test.com	\N	\N	291486761bc457f878d171af104770a2edb27446f837b1da8ccc79c88303ae5b	6735732d742091af1e43bd48db7f74a6f3e8abf381aa69b79597c0021c551648f6947358b067657b09ce87954b59cd7859a323a49e9307b9458dae2edae85ef2f16eb9e9ed320d8b22f538890395e771510a7ea955e593c6aea9d3d6818c9b5e9d11774bcce563c7fc0bf4be603fd3b61ed48654c4d4189ec93ae4f3260d54a7447861297e2df6efbc01006871934b48cb9a3d5c149ad07a17cc5f015ea1d2ed10fe2f4849b90593a108882b59e3342a02804ef50a2ef8c791f7e3e08eec3862af9848a3b638b39efa943597c8e0b7b88ded2c24ddfb2c1aa885b0e75eb708ce664036a77c8cf22328e2dd536b2aa98ce0d31e2dc76b8cbe20d41d732f2f45e2c9f3d2b0e1119aa91a5344b8a438da828fbc4308b049e898a5199c1ddefd28573f718b0ab2759d4ed6fba4c33e972c6f48fcbb51aa3e6c49193e05421a529dc66d142b7056fc8373b854f62d2ea7276b0039063f3ca3300ae34b61f3b111f28604daf3b95b3d0cac4fa8c7f82571ebb6a086149b27731257f9d178e14f96f45e0fe578023c5c6e0b36a8c7409138f65cf810fb49f0009a96413e8bfd3b645fdf7abf7a5c9346d70ae5599e1f07f4b679c573f01c776454842a2956fb23261d4b8525333ad083ee6911f3f6f795938a417da1298337f67771d682054b28ddb8d901bd31bd70a64c5e95df18c08ca64fce53d9feef145e078f80d5537dd82e31e0	0	\N	f	\N
9	newuser	\N	\N	Regular	Basic	\N	\N	\N	\N	f	\N	\N	0	0	0	2026-01-26 14:52:24.245+00	2026-01-26 14:52:24.245+00	\N	\N	\N	newuser@test.com	\N	\N	9250465d93339a93141ca74cc8abc0bcba89d772039d72eb86a54f002c7be1c8	3d737adcafbd54d08e1624c4aae4bc6aedc03dd46b9b58e290a2857fbad0fed760e64f7edbbf8eac4144f8a61c78703dad4eb5b27d489e3d6d3e89b5eb8374ee8b7f48d8e1e2d06d6d8d32755bcac74d3b5dc4b777c1bbe1dbd229b14dae4c29eb5bad206070904f0c1a647ccc88a94ffebb6dcffa481a3d2d5469c7dd59295e82f4e36f614cc4f82c2c0338d078be1dad1e2c90186655bab06bba5659245bad72d8ec1444b918e4fd0139bb756a2d2e93c7375d932b49bd275180c1e051ff805a16c1a6c5c7ca259b6635d1bb814816459bf6a28130b3554021bfadb197f88fd82008eb2d61884aebfc0597284b9003657fa4bb8296686adb43015dd69009101e1cf85d3ba02de4c33cdb68e1fb8cfac2ac41e29ba5fdaaa9181e6e31fdc4fc59f93cd0d69a0add84456bda90d9656757dbff26630ced12d9409505ccc5567ca4fddf6d400858da716ae9d35af3ce9ca9b2557b0789b9d7d55bb2b2de39a77278602c58bb608b3c47dd9e83fd80037fab3a097e98c344a2db62abbe925a54e2a573de90b6c0bb30b37e73662d013223286c8619cb26733b5a96d7e8b8f03995e2fca6e64c1d3ee307b1f7eb52db3c205c5fcadba87804dd8cefb54f6e7b6b5461b4e4f9a9b90d623603146f021e63e148d1233f56f75a59122980f36811eae982d2e5e82344fbeddd1a12360a0be01626f3b9ac928985af9ce7145cbc700d31	0	\N	f	\N
10	testuser2	\N	\N	Regular	Basic	\N	\N	\N	\N	f	\N	\N	0	0	0	2026-01-26 14:52:53.966+00	2026-01-26 14:52:53.966+00	\N	\N	\N	test2@example.com	\N	\N	bd48f3358c5be81dc787d351a50579f13cf6e2e423f536d0c97712cb70c64bcc	761ba82c6e253fb5284a421d5b25a6690fdfcdda0ad29cba729b8a3eb6882478d999e3feae049d898d2dde65edecfdf3d6f8da0f180fa72c5be5ac5349affd553285bf9efba640559883af93ee55662a4b1c603156b0b8e44dce6e6cada3b4a9ec81a9b311daf46cdce77a289866a07379cb1b878f63de389266e0e4088fd8fb018f8ca60351896ad5b50d9576a048725d71866dec81cc0185be370f283dfd54fa87a16c8b6abed3f4d07116b89aef820c4bc0b2a968f6ea15370716e6a4dd79d9fa4c92b15b05528d685f2aa4c37c8f4f374da64e673c03371120bc919532c784c6a02726d3e7afede920f93218d9754f630083618dd5dffafe7c039d879bdee5d731ea01b4ba0921769e624d96b52bb8556e11cc1d86c27b318cbb66ebc5645e4dd283338c62e89cf79c8b170b7aa55c819187c4131a1e403c2b9dd1504cb4224516ba626f8219146ca71c169af7fae00ffe41468c3ad0a01280673ef89327ebc85698602d80f579f81305ff6562f94007f8c2a59f82a7578ca8fddaf59cf369ffea7de590e7c4c6d023e603a23832007cdaf1ef0e504d8e38c95f505ea8ce3dbfca84baf6a3a61e194a3852194cc4433b2a4f278a47d8c0cbd12f16982233d8383f4d87254b2c7f564115c34bf77a7e40601e04a51d926fab0c9f593387544e27fafcf48e782501ab61a94ff03b1aabf29f86760106ec847e2703ea794ad7	0	\N	f	\N
12	e2etest1769461285	\N	\N	Regular	Basic	\N	\N	\N	\N	f	\N	\N	0	0	0	2026-01-26 21:01:26.374+00	2026-01-26 21:01:26.374+00	\N	\N	\N	e2etest1769461285@deviant.test	\N	\N	2020d3ce6cc8e9544cdc197d5de97016dff37050e1fb1ec41755a5397b7cdae3	e823ecb2558276f0d4b6fa885c89645827df776c76e413a2cf67a5b224b7a2a8127d790c6c8982f64de1d6a41b59da485d22d07d7cdf8b5b0211ea1a50b31f90e0775ea2f76540aacef8864e3b948e89cecabc7854160c385d824c3de51b107a5abe6eafcf8dc0f7d4fb88d3497f19b2913b6f6f6b6dc023a2791a833e60fd13aeb642a57a0d18f76b66a7fb7dfb1aa765b4e02d5db1a1b1e2b4e6898218608ac7a3ec31c9e0dff578351feea3b12d9533bb4653e98448218df0652a191428c3b1740d97310b13226cd4c980e179347aed434a16c51e1321f25b7e5e4d396e9572bf6543db5add7ae78ace09da7c21fd9678004142a396ad156eb9ad023291a94f7dee328dc5f3e36133b975d627f56f66b213f4be398a0a94a2477e4c57c81f63ea96644d4fda9e052a2b832b8581851ab7a91b9491471205b4f59ba6393b4b67068eb0de615de4a9f7e251fae7e2ed0fb0cbce792f1faa78a24cc800c2e2d0b280e91fe57c5b82585f5b5efe66b6556b6443b74be1d7c0f32334232bf5d34d1465540727bc63f1af62d89c91cbfb37c901bbf0a37f989060a1fd421933e9abfe2c894336afd5a68bd8e60be1961c5b23278cde61729a323966246b73c84a839c97e80b39ef23e0bddb60cecb1678e679468e1e4706512cf62390a44a31988eddaa6ce70187983dbabc40a7f1f1e73b709fade05e79dfcb477aa695f084a271	0	\N	f	\N
14	finaluser1769467327	\N	\N	Regular	Basic	\N	\N	\N	\N	f	\N	\N	0	1	0	2026-01-27 09:33:26.115+00	2026-01-26 22:42:09.649+00	\N	\N	\N	final1769467327@test.com	\N	\N	b1954af6c5d1d7e69bf0e5f087d6b6bde304132704078582ffc9dd3779c77e30	b6ac6d439d60f8867a78041a6bb1c1121c8dcde358dfbcb9d3a8d2810ab55ce131a9b3749b1732f6df60c9ce481a9566062866b7636d6ad763b18a1eae590f757758cae6eff0e0e3c922d15e7ae0d77b84fd947bbc43146811e84654ef24dcafae874e2f68f233b7b3c5d3a9f942088bb489c1f36544cb0011596b495ad737b91a25b78956a4c7a6d29fc7f8b921c22d0952b22af9cea67025cb981b9cd065b2eb88d104c082b22513a41ce84f819f43f4978f6d3da3937bf4059a6498b80fd4f41b1e3a63b693a8a9363b1fcb6dbec77d755a1aaf3294c45bf37ae02cc25db2cfeeed96c425b0852e3b1b303c38e26bc59591d59357358e645529a133e5e36ab537b612d6cfe6654c1323a9b33764220915b0d72fe091c74c00214f8ecb437a9c6abd2a7918b5e1cf53a8ea7d1a2142be19fb5cca2f4a73074f140028bc9cce479cde1aa1ce8173f729eaf55b532a66c60fed104122a6a4d82cd837368f912514aaac37f15581438c92d64884b3516e470ddc9bbb5cb2179ccc66f83c855c975c146aed5f119026b25b3735f3b8e1df47b54c6c830da7bff9dd0b5630c5f5c4caee461f1338e81a905330547deb28a2ef50f7d7f61a00037ce53528dbebae2c87833f7eb739db06cc2c4aedbb99eef336cf48db4dee91a4078a792f99afeae09fa114e6aaf83d83116d1be33e09d8bf019b1056c60ac5ed5a25a7ea1bcb57c2	0	\N	f	\N
13	e2euser1769466049	\N	\N	Regular	Basic	\N	\N	\N	\N	f	\N	\N	1	0	0	2026-01-27 09:33:26.407+00	2026-01-26 22:20:50.115+00	\N	\N	\N	e2e1769466049@test.com	\N	\N	6b4d3b15ff9ec66a7f526a7cbc375c4bd3a8e700c01f84a62170582f4d3399a7	1680c2e281497def541cb3eb26123e64edf4e48239fa0fd24d226569d327099c7ba8fffda7ea559b567fd71ed5b74e289f88eac1d54ebb3556a6559bedb05589f28dacdd9570ca7dc8fc2c39ec954b92c4e9d2b313f6e071125dce388f19ec92c0f142a151bee3a8e0466832231b60c901424416b32b4a475a236e6e514073bcf24d6110485b9b35d8bdd4113fe66cd0c0ef7d783ad97a6981c6e80d5e924816c536d67ca373acdee71a7ca8318c44912cd8aff7d8372fe53e6c0d7882d096383baacda3464a61d36186a38bb948af5ecda640cda8de985274f5959fd2da0a950e592776dc25d112f83fb9574d3f7dea79378158c88bd6c4ec90de6f886ed4f69de823c35025d5494a16fe3a645cc57a228feb81090827d9e9b9309b0d959c8745e3864a8a7b1aed4cfe3ebf8257a35589f362fa31612a6c3e6f8704ba49730be66cb6df7c81328d386cbef282f764dc0531f2597a14ef51dc13a542336ee0a23f60d51a3ef702dd48a286b24f1bca5b3376b07f32e53562af470b941888ecb2b2acac936bd7d108d083ed500140dfc272c792555c637d82e71ac5fb76c5e15b99ac5870a8844fdbbeca21b92285213b499cdb62a1e2aba0172bc4e2fec4e66a71476a8c63640eecd3ce6b821b6f81b2d0c4de5e9d44f4a4980a01d3d4e9d085a445cb6cc169f6deda4ad690e159265c4c9dd94f2017b1ff84abf54a2ae4ec30	0	\N	f	\N
15	micah_marquez	\N	\N	Regular	Basic	\N	A bad bitch from the 90s	\N		f	\N	\N	1	1	0	2026-01-29 01:12:32.542+00	2026-01-26 23:44:08.5+00	\N	\N	\N	micah@deviant.live	\N	\N	25b6b9856857100fd9464023d3f73aed7eec712ef72485884d9186e77404a49c	2f7a8c569899ca340121a4a4d8f153ae8173bb424ebfd4016b6cbd10efbf1423e1dc4f51a1c8e2e351ec04c2a701efeeeeb0e9e71a2312b0f0fd9e070ae06700d0027e46776ca07b1735560cfbd5d2ca4d176b26f489680588f6bf5eb1352b4b431fbda6c6cd2076b6fa931fa3743feae5d2039c4bdc118eea5ba1467373130a2cd105c7333bfcbfe3354acd42a2da270b66c932b769da6f17b313e20d70537aeb45604e8a9bedab786b23dd37cde1cb03d6a535080eed12d39bcfe1fc4b3bcaeb839bd93aa310916f85b1039f28c4bbcdef0f836ef508a8fa6693ae19a5dcf75a853162c78cb17b77603f69d5e0ec1b277a768653ad4138261be468abc16959f24dfcd4f71c6ffe1753ccd4a0c5a37943ffc294feb8091b588772fe7b9f4f51879d436d1d98bc9a3ea62d232fabff1ba27ea63ae5ee7a88c68fa55d893bba802acf6b74a6f18e6285ce981b411a2b21ab6ad79609d9f349cca91d0b222b264eb3974cf34df655394cfc140dc835b3733365b9c42bce322e483d41de508e399fc66273b78b935e81be11f8274905ab4cdbdaf9159d51efbf9378ed359bcbe97a4f1b3af0227b32765265b0db375935d133c038453f3207d8d1dd479065c504e63d386e8a671a62c610194295b662dbbd427bdadc8fd68dcbf7d5bbacee5174a0bd50d64640d602401769849b3bd3881e14d3526acd042fb6eeb0bb9616232941	0	\N	f	\N
8	admin	\N	\N	Regular	Basic	\N	\N	\N	\N	t	\N	\N	0	0	0	2026-01-26 14:27:05.508+00	2026-01-26 14:27:05.507+00	\N	\N	\N	admin@example.com	\N	\N	aff10beb3733983db2ea46b57aac10b8133843d13694db75e9e1e0416e3ed3eb	12c443757acd10c0f16fe439deea948c242923a14a62549f156d5b320145f1ec80b7010d6c03afef4173023b2bc3cdea8f37e1a77b108ad11772ee6db1a41d7d1c982acec27964b4bb82fbe83afe3f5d0c2361a3f59a2f92b2540c50064916fbe783363a5424049424aee8f8683cca0b3f0b483fa1cb548d5a78d6b3b4d7b4a462d84625b09e12581601c1f838bc0e8704a34df1034f724ef32c6e7e7d9a5d38f75a53986a47c4110a8df2fccbbb512bfaf7c4756009fa1edc3e8a5e25a5e8508d4cbc14104b7f9d71929f904d624ea1f48ee6934ab10690fa50a5ddaf501bfbf6455a57884a590463f96250face2ea0a560fcd667deca6b6b9c9a81ba89ca3323498099e6a578f8e8587cb0881ac55fbca7b5ea4652e0c5bbff013a8de75905a8a736e9fc379f9e0609b7a214d45188758b964b22692dd5c9fb5d5b645874a4f08826c74b55929d7a5bbcfa5835c0bfcc2560f5da050a1399c4936f91ce01deac204b18d2830104096b63a750e48cd0d62b59371a865db67b334ba45485f3ee3c62611aea857c2033bf312feba00a3e53b58cea6f485c7d6d50fd4a5eec7b14f961f94d50c5f8a4c383b57f9f0a8338091f57802c46a1bc179cad5f50eb776935a81a9db67976938490036fff4790dbec1f3341925abf740df1b9c84b2a6493393cd4aab5930bb31065bd1e2bd87927f014c39dc2a4633e844b587ec2a066ef	0	\N	f	\N
16	sosofla	\N	\N	Regular	Basic	\N		\N		f	\N	\N	0	0	0	2026-01-28 23:41:37.962+00	2026-01-27 00:55:24.687+00	\N	\N	\N	decellus@deviant.live	\N	\N	d10f74df43b76d3beb0fe1aca38a4ca65940947ef72e4c98dda3286f381541cf	d7f11fece2868ff46acb7b17967cc0326b084adfd9bdf4802582a0dbd4c3e5020cfdca2a293111cc3a0e2be6fb17352bcb29065ef09d374c8dcbea47a15a1fa34f9c5ca00593058bda3b4044a38f7bf79eb67f59c84a903bd2c601f702faec15d59fefdc178779721af3bf34ae24be18e2e98c167f8b5385477888b8c7be7ffc7854dc9cdaa792096bfe2e28c57d2f230a721832e96a17fea01580508d09073929cebcb3ec5ed41cce42dffbf2b1276784dc27267869853e93cbfec62fa0202911c4c4db8c555c8ef886cd28e397c9004e7e826180d0e4c471140ed46cd06081022f368b0e51600a3a17307a356570ad216db7710217ee8b92b52b9ee3f319111d3cc54c787ad4c9ba1927c14e9074e60822adc1eda2cbe542f740bf9af8bd8affd3f992bc008126f20b6e46cf5330e90d9d65aca4252150be88e14e55c3544d0c5da2b3f5dcdf55f7e7c13cf17cd100ddeaf0d57fcb66843d16165cf16617500b51d4c3b9e66185fc1dba397508a5bcb32b018445d9cfeb807d04f0e49a0975f5a8d2b7de1e9e25c724c1ad9ff65cbfa3ef5103c7204e65d76ba69266ca39d7eb92532d256337f7c06a7b77f85451cbf2ca86aa8c126f920d915e7e7e30dd5db26c5326b4c033823a20cfcb23999393369c05b4cf3ba4db17b44f31c7307aa37cc4e7157b0142075a1896261b42d522ac1ff65040eec4e9ad6955efb83c3cc9	5	2026-01-28 21:26:21.109+00	f	\N
5	mikasa	mikasa	\N	Regular	Basic	\N	Him	\N		f	\N	\N	0	0	0	2026-01-30 04:24:58.228+00	2026-01-21 00:04:37.339+00	\N	\N	\N	mikevocalz@aol.com	\N	\N	008932566b38b9cac2423ad69273da6c8979cd10316fe9da631204c65cfd06a9	b32031a652a613c05c44cad79679f17b1d364816a2d79bb6c1c2c4a82bec1f52cc911832d3a13bc1031bd69179d1c8e6cff48e78d2b92f1cf292a0243641ef919369559ff810f368c9413ea33e13e1538afb893e5633c934a174b8243b051d4ac0af63b81ca8be2caec0aea50004b37f7eed14957d2f7e6ac9c451b36241468a199028e8764198b74a667a63eb38deee90d0f0c47cf7b0604e096e8890f4d85d3153cac8e9afe5faa8bf8fa7488ad2317726f1240d19dd97edc116cc21482676d1f9606132537eda01b51850bbc1785afdd92138fb945832f201fc3b70f92cd9b5b69beaf1ae1049328155a34aea51272573c08bb36982c914ba42ba71551b6071b370808596a2628658c51f49bf50a17d16be17bd918bacc0a383814ba21e535f1b60548240370666b0dd4cd02cfcaea4da1625a8f4555ca3808a6dde65cc51a3f14fe39c5eea83e5625a424ae68c5c7871b9be3cf16226d34194543fbec732f821d911683c38891fb937dd0a97226fc14cb93e53511df9ff56c05aa5709b4972010ed4704993f353738bc6f0adcd3a703d3115664f8621f023aaf6940476a9849ed3ee44eb4f469f38cd5c7da2046a663ba9f9eeb6025802a3901414ff01836d29189ce82ca123ee6d087f787109cdfc243f73f44fe728d1bf9abd904892b7118c71c80949a609fdfa9215df29f941a01e96afb7c004f04b94cc7b2bfa5a6c	0	\N	f	\N
\.


--
-- Data for Name: posts; Type: TABLE DATA; Schema: public; Owner: postgres
--

COPY public.posts (id, author_id, external_author_id, content, location, likes_count, comments_count, reposts_count, bookmarks_count, is_repost, original_post_id, reply_to_id, visibility, edited_at, moderation_status, updated_at, created_at, is_nsfw) FROM stdin;
1	\N	\N	Test post from mobile app	\N	0	0	0	0	f	\N	\N	public	\N	approved	2026-01-20 00:48:03.803+00	2026-01-20 00:48:03.801+00	f
2	\N	\N	Test post via proxy	\N	0	0	0	0	f	\N	\N	public	\N	approved	2026-01-20 00:49:05.184+00	2026-01-20 00:49:05.166+00	f
3	\N	\N	This is my first app so I'm making sure that I posted over the character limit to make sure I can't post. This 		0	0	0	0	f	\N	\N	public	\N	approved	2026-01-20 04:36:19.864+00	2026-01-20 04:36:19.863+00	f
4	\N	\N	New production builds were just created to push to		0	0	0	0	f	\N	\N	public	\N	approved	2026-01-20 05:03:56.511+00	2026-01-20 05:03:56.509+00	f
5	\N	\N	Test post created by automated test script. Verifies image upload to Bunny CDN and URL/caption storage in CMS. Timestamp: 2026-01-22T04:48:16Z	Test Location, USA	0	0	0	0	f	\N	\N	public	\N	approved	2026-01-22 04:48:18.576+00	2026-01-22 04:48:18.575+00	f
6	\N	\N	Test post created by automated test script. Verifies image upload to Bunny CDN and URL/caption storage in CMS. Timestamp: 2026-01-22T04:55:43Z	Test Location, USA	0	0	0	0	f	\N	\N	public	\N	approved	2026-01-22 04:55:44.79+00	2026-01-22 04:55:44.788+00	f
7	\N	\N	Jeshjdjend. Fo Tekken see tirb tokens works lend dkand	\N	0	0	0	0	f	\N	\N	public	\N	approved	2026-01-22 19:54:06.832+00	2026-01-22 19:54:06.831+00	f
8	\N	\N	Testing and array flof images for the API to see if this work	\N	0	0	0	0	f	\N	\N	public	\N	approved	2026-01-22 21:13:27.663+00	2026-01-22 21:13:27.652+00	f
9	\N	\N	Second test screen to see if a post is working now!	\N	0	0	0	0	f	\N	\N	public	\N	approved	2026-01-22 22:45:04.047+00	2026-01-22 22:45:04.045+00	f
11	\N	\N	Test post for comments	\N	0	0	0	0	f	\N	\N	public	\N	approved	2026-01-25 17:23:41.855+00	2026-01-25 17:23:41.855+00	f
10	\N	\N	Testing to see if the video post creates . Let's get this going 	New York	0	0	0	0	f	\N	\N	public	\N	approved	2026-01-25 23:18:11.959+00	2026-01-24 16:22:24.823+00	f
12	\N	\N	E2E Test Post from automated testing	\N	0	0	0	0	f	\N	\N	public	\N	approved	2026-01-26 21:02:49.838+00	2026-01-26 21:02:49.838+00	f
13	\N	\N	E2E Test Post with media URL	\N	0	0	0	0	f	\N	\N	public	\N	approved	2026-01-26 22:21:23.474+00	2026-01-26 22:21:23.474+00	f
15	\N	\N	lol idc ima stick beside’em. \nOh P-P, how I love you. Crazy ah— nicca		0	0	0	0	f	\N	\N	public	\N	approved	2026-01-27 00:22:37.287+00	2026-01-27 00:22:37.285+00	f
16	\N	\N	Test for the post. Post for the test. A collage for the post.		0	0	0	0	f	\N	\N	public	\N	approved	2026-01-27 00:58:46.811+00	2026-01-27 00:58:46.809+00	f
17	\N	\N	Testing the video feature. Taken on my phone. Hope it works 		0	0	0	0	f	\N	\N	public	\N	approved	2026-01-27 04:36:35.881+00	2026-01-27 04:36:35.88+00	f
14	\N	\N	Updated caption test		1	0	0	0	f	\N	\N	public	\N	approved	2026-01-27 09:33:25.124+00	2026-01-27 00:08:35.685+00	f
18	\N	\N	Introducing a new era: Back to BLACK \n90s. Rap. R&B.		0	0	0	0	f	\N	\N	public	\N	approved	2026-01-27 10:45:46.355+00	2026-01-27 10:45:46.355+00	f
\.


--
-- Data for Name: bookmarks; Type: TABLE DATA; Schema: public; Owner: postgres
--

COPY public.bookmarks (id, user_id, post_id, updated_at, created_at) FROM stdin;
\.


--
-- Data for Name: comments; Type: TABLE DATA; Schema: public; Owner: postgres
--

COPY public.comments (id, author_id, post_id, content, created_at, updated_at, parent_id, likes_count, client_mutation_id) FROM stdin;
4	5	11	This comment should work!	2026-01-25 17:35:48.76+00	2026-01-25 17:35:48.761+00	\N	0	\N
5	5	11	Comment via server API works!	2026-01-25 17:37:21.729+00	2026-01-25 17:37:21.729+00	\N	0	\N
6	5	10	Test	2026-01-25 22:46:37.864+00	2026-01-25 22:46:37.864+00	\N	0	\N
7	5	9	Hey	2026-01-25 23:25:55.649+00	2026-01-25 23:25:55.649+00	\N	0	\N
8	5	10	@mikasa nice	2026-01-25 23:27:17.619+00	2026-01-25 23:27:17.619+00	\N	0	\N
9	5	10	@mikasa too	2026-01-26 00:41:51.493+00	2026-01-26 00:41:51.493+00	\N	0	\N
10	13	13	E2E Test Comment on post	2026-01-26 22:21:37.417+00	2026-01-26 22:21:37.417+00	\N	0	\N
11	14	13	Final E2E threaded comment test	2026-01-26 22:42:19.7+00	2026-01-26 22:42:19.7+00	\N	0	\N
12	11	13	@finaluser1769467327 hey	2026-01-26 23:16:57.445+00	2026-01-26 23:16:57.446+00	\N	0	\N
13	15	13	Where you at?	2026-01-27 00:10:18.562+00	2026-01-27 00:10:18.563+00	\N	0	\N
14	15	12	Testing 1, 2	2026-01-27 00:26:27.028+00	2026-01-27 00:26:27.028+00	\N	0	\N
15	15	16	Heyyyy Dee!	2026-01-27 01:05:15.051+00	2026-01-27 01:05:15.051+00	\N	0	\N
16	11	16	Deee	2026-01-27 02:49:50.468+00	2026-01-27 02:49:50.468+00	\N	0	\N
17	11	15	Nice	2026-01-27 03:22:26.611+00	2026-01-27 03:22:26.611+00	\N	0	\N
18	11	16	@micah_marquez hey	2026-01-27 08:46:22.365+00	2026-01-27 08:46:22.365+00	\N	0	\N
19	15	18	Looks like the posts are cutting off images in these boxes and not offering opportunities to alter what fits in the box	2026-01-27 10:49:37.065+00	2026-01-27 10:49:37.065+00	\N	0	\N
20	11	18	@micah_marquez still?	2026-01-27 11:53:02.251+00	2026-01-27 11:53:02.252+00	\N	0	\N
21	11	18	None?	2026-01-27 13:47:10.158+00	2026-01-27 13:47:10.158+00	\N	0	\N
\.


--
-- Data for Name: follows; Type: TABLE DATA; Schema: public; Owner: postgres
--

COPY public.follows (id, follower_id, following_id, updated_at, created_at) FROM stdin;
2	15	13	2026-01-27 00:28:06.11+00	2026-01-27 00:28:06.11+00
3	14	15	2026-01-27 00:41:05.373+00	2026-01-27 00:41:05.373+00
4	5	15	2026-01-28 13:46:10.213+00	2026-01-28 13:46:10.212+00
5	11	16	2026-01-28 17:39:41.356+00	2026-01-28 17:39:41.356+00
6	16	11	2026-01-28 23:43:42.948+00	2026-01-28 23:43:42.946+00
7	11	15	2026-01-28 23:47:06.779+00	2026-01-28 23:47:06.778+00
8	15	14	2026-01-29 01:35:33.675+00	2026-01-29 01:35:33.674+00
9	5	12	2026-01-29 18:37:41.742+00	2026-01-29 18:37:41.742+00
\.


--
-- Data for Name: likes; Type: TABLE DATA; Schema: public; Owner: postgres
--

COPY public.likes (id, user_id, post_id, comment_id, updated_at, created_at) FROM stdin;
3	15	14	\N	2026-01-27 00:28:00.093+00	2026-01-27 00:28:00.092+00
4	15	18	\N	2026-01-27 17:30:34.673+00	2026-01-27 17:30:34.672+00
5	15	17	\N	2026-01-27 17:30:40.053+00	2026-01-27 17:30:40.053+00
6	15	16	\N	2026-01-27 17:30:43.623+00	2026-01-27 17:30:43.623+00
7	15	15	\N	2026-01-27 17:34:17.373+00	2026-01-27 17:34:17.372+00
8	11	16	\N	2026-01-28 01:41:27.574+00	2026-01-28 01:41:27.573+00
9	5	18	\N	2026-01-28 14:44:05.712+00	2026-01-28 14:44:05.712+00
11	11	17	\N	2026-01-28 21:27:39.054+00	2026-01-28 21:27:39.053+00
12	16	16	\N	2026-01-28 23:44:19.058+00	2026-01-28 23:44:19.058+00
13	15	6	\N	2026-01-29 01:15:20.698+00	2026-01-29 01:15:20.697+00
15	5	17	\N	2026-01-29 03:27:43.581+00	2026-01-29 03:27:43.58+00
16	5	16	\N	2026-01-29 07:01:03.575+00	2026-01-29 07:01:03.574+00
17	5	15	\N	2026-01-29 18:37:00.358+00	2026-01-29 18:37:00.357+00
18	11	15	\N	2026-01-29 20:24:13.134+00	2026-01-29 20:24:13.133+00
19	11	14	\N	2026-01-29 20:24:15.825+00	2026-01-29 20:24:15.824+00
20	5	9	\N	2026-01-30 04:34:28.191+00	2026-01-30 04:34:28.191+00
21	5	14	\N	2026-01-30 04:34:51.852+00	2026-01-30 04:34:51.852+00
\.


--
-- Data for Name: stories; Type: TABLE DATA; Schema: public; Owner: postgres
--

COPY public.stories (id, author_id, external_author_id, media_id, viewed, caption, location, visibility, expires_at, created_at, view_count, moderation_status, updated_at, viewers_count) FROM stdin;
1	\N	\N	\N	f	Test story	\N	public	2026-01-21 00:48:00.687+00	2026-01-20 00:48:00.687+00	0	pending	2026-01-20 00:48:00.692+00	0
2	\N	\N	\N	f	Test from app proxy	\N	public	2026-01-21 00:49:03.965+00	2026-01-20 00:49:03.965+00	0	pending	2026-01-20 00:49:03.967+00	0
3	\N	\N	\N	f	Story by mobiletest123	\N	public	2026-01-21 04:30:19.074+00	2026-01-20 04:30:19.074+00	0	pending	2026-01-20 04:30:19.082+00	0
4	\N	\N	\N	f	\N	\N	public	2026-01-23 04:56:48.142+00	2026-01-22 04:56:48.142+00	0	pending	2026-01-22 04:56:48.144+00	0
5	\N	\N	\N	f	Test story with CDN image	\N	public	2026-01-23 04:57:34.179+00	2026-01-22 04:57:34.179+00	0	pending	2026-01-22 04:57:34.181+00	0
6	\N	\N	\N	f	\N	\N	public	2026-01-23 19:29:56.509+00	2026-01-22 19:29:56.509+00	0	pending	2026-01-22 19:29:56.512+00	0
7	\N	\N	\N	f	\N	\N	public	2026-01-23 19:41:04.246+00	2026-01-22 19:41:04.246+00	0	pending	2026-01-22 19:41:04.248+00	0
8	\N	\N	\N	f	\N	\N	public	2026-01-23 19:45:39.607+00	2026-01-22 19:45:39.607+00	0	pending	2026-01-22 19:45:39.611+00	0
9	\N	\N	\N	f	Story by mikasa	\N	public	2026-01-25 15:48:47.466+00	2026-01-24 15:48:47.466+00	0	pending	2026-01-24 15:48:47.47+00	0
10	\N	\N	\N	f	Story by mikasa	\N	public	2026-01-25 16:37:09.937+00	2026-01-24 16:37:09.937+00	0	pending	2026-01-24 16:37:09.952+00	0
11	\N	\N	\N	f	\N	\N	public	2026-01-28 00:41:20.037+00	2026-01-27 00:41:20.037+00	0	pending	2026-01-27 00:41:20.039+00	0
12	\N	\N	\N	f	Story by micah_marquez	\N	public	2026-01-28 04:40:49.635+00	2026-01-27 04:40:49.636+00	0	pending	2026-01-27 04:40:49.637+00	0
13	\N	\N	\N	f	Story by micah_marquez	\N	public	2026-01-28 18:51:34.394+00	2026-01-27 18:51:34.394+00	0	pending	2026-01-27 18:51:34.405+00	0
\.


--
-- Name: bookmarks_id_seq; Type: SEQUENCE SET; Schema: public; Owner: postgres
--

SELECT pg_catalog.setval('public.bookmarks_id_seq', 1, false);


--
-- Name: comments_id_seq; Type: SEQUENCE SET; Schema: public; Owner: postgres
--

SELECT pg_catalog.setval('public.comments_id_seq', 21, true);


--
-- Name: follows_id_seq; Type: SEQUENCE SET; Schema: public; Owner: postgres
--

SELECT pg_catalog.setval('public.follows_id_seq', 9, true);


--
-- Name: likes_id_seq; Type: SEQUENCE SET; Schema: public; Owner: postgres
--

SELECT pg_catalog.setval('public.likes_id_seq', 35, true);


--
-- Name: media_id_seq; Type: SEQUENCE SET; Schema: public; Owner: postgres
--

SELECT pg_catalog.setval('public.media_id_seq', 1, false);


--
-- Name: posts_id_seq; Type: SEQUENCE SET; Schema: public; Owner: postgres
--

SELECT pg_catalog.setval('public.posts_id_seq', 18, true);


--
-- Name: stories_id_seq; Type: SEQUENCE SET; Schema: public; Owner: postgres
--

SELECT pg_catalog.setval('public.stories_id_seq', 13, true);


--
-- Name: users_id_seq; Type: SEQUENCE SET; Schema: public; Owner: postgres
--

SELECT pg_catalog.setval('public.users_id_seq', 16, true);


--
-- PostgreSQL database dump complete
--

\unrestrict UFvZ5cZbg8Gc3n3Nx3WmwlYTE67toXTtgx8IpNyGxYasGLlEbzyk57KpMlSrpcJ

